<?xml version="1.0" encoding="utf-8" ?>

<ThingDefs>
	
		<!-- Trench Knife -->
	<ThingDef ParentName="BaseMeleeWeapon_Sharp">
		<defName>MeleeWeapon_TrenchKnife</defName>
		<label>Trench Knife</label>
		<description>A trench knife is a combat knife designed to kill or gravely incapacitate an enemy soldier at close quarters, as might be encountered in a trenchline or other confined area.</description>
		<graphicData>
			<texPath>Melee/TrenchKnife</texPath>
			<graphicClass>Graphic_Single</graphicClass>
		</graphicData>
		<costStuffCount>40</costStuffCount>
		<statBases>
			<WorkToMake>4000</WorkToMake>
			<Mass>0.5</Mass>
			<MeleeWeapon_DamageAmount>6</MeleeWeapon_DamageAmount>
			<MeleeWeapon_Cooldown>0.7</MeleeWeapon_Cooldown>
		</statBases>
		<equippedAngleOffset>-65</equippedAngleOffset>
		<stuffCategories>
			<li>Metallic</li>
		</stuffCategories>
		<verbs>
			<li>
				<verbClass>Verb_MeleeAttack</verbClass>
				<hasStandardCommand>true</hasStandardCommand>
				<meleeDamageDef>Cut</meleeDamageDef>
			</li>
		</verbs>
	</ThingDef>
	
		<!-- Trench Club -->
	<ThingDef ParentName="BaseMeleeWeapon_Blunt">
		<defName>MeleeWeapon_TrenchClub</defName>
		<label>Trench Club</label>
		<description>Trench raiding clubs were homemade melee weapons used by both the Allies and the Central Powers during World War I.</description>	
		<graphicData>
			<texPath>Melee/TrenchClub</texPath>
			<graphicClass>Graphic_Single</graphicClass>
		</graphicData>
		<costStuffCount>40</costStuffCount>
		<statBases>
			<WorkToMake>4000</WorkToMake>
			<Mass>1.0</Mass>
			<MeleeWeapon_DamageAmount>10</MeleeWeapon_DamageAmount>
			<MeleeWeapon_Cooldown>1.4</MeleeWeapon_Cooldown>
		</statBases>
		<equippedAngleOffset>-65</equippedAngleOffset>
		<stuffCategories>
			<li>Metallic</li>
		</stuffCategories>
		<verbs>
			<li>
				<verbClass>Verb_MeleeAttack</verbClass>
				<hasStandardCommand>true</hasStandardCommand>
				<meleeDamageDef>Blunt</meleeDamageDef>
			</li>
		</verbs>
	</ThingDef>
	
		<!-- Trench Shovel -->
	<ThingDef ParentName="BaseMeleeWeapon_Blunt">
		<defName>MeleeWeapon_TrenchShovel</defName>
		<label>Trench Shovel</label>
		<description>An entrenching tool, E-tool, or trenching tool is a collapsible spade used by military forces for a variety of military purposes.</description>	
		<graphicData>
			<texPath>Melee/TrenchShovel</texPath>
			<graphicClass>Graphic_Single</graphicClass>
		</graphicData>
		<costStuffCount>40</costStuffCount>
		<statBases>
			<WorkToMake>4000</WorkToMake>
			<Mass>1.5</Mass>
			<MeleeWeapon_DamageAmount>12</MeleeWeapon_DamageAmount>
			<MeleeWeapon_Cooldown>1.5</MeleeWeapon_Cooldown>
		</statBases>
		<equippedAngleOffset>-65</equippedAngleOffset>
		<stuffCategories>
			<li>Metallic</li>
		</stuffCategories>
		<verbs>
			<li>
				<verbClass>Verb_MeleeAttack</verbClass>
				<hasStandardCommand>true</hasStandardCommand>
				<meleeDamageDef>Blunt</meleeDamageDef>
			</li>
		</verbs>
	</ThingDef>
	
		<!-- Ice Pick -->
	<ThingDef ParentName="BaseMeleeWeapon_Sharp">
		<defName>MeleeWeapon_IceAxe</defName>
		<label>Ice Axe</label>
		<description>An ice pick is a tool used to break up, pick at, or chip at ice.</description>	
		<graphicData>
			<texPath>Melee/Iceaxe</texPath>
			<graphicClass>Graphic_Single</graphicClass>
		</graphicData>
		<costStuffCount>40</costStuffCount>
		<statBases>
			<WorkToMake>4000</WorkToMake>
			<Mass>1.0</Mass>
			<MeleeWeapon_DamageAmount>11</MeleeWeapon_DamageAmount>
			<MeleeWeapon_Cooldown>1.2</MeleeWeapon_Cooldown>
		</statBases>
		<equippedAngleOffset>-65</equippedAngleOffset>
		<stuffCategories>
			<li>Metallic</li>
		</stuffCategories>
		<verbs>
			<li>
				<verbClass>Verb_MeleeAttack</verbClass>
				<hasStandardCommand>true</hasStandardCommand>
				<meleeDamageDef>Cut</meleeDamageDef>
			</li>
		</verbs>
	</ThingDef>
	
</ThingDefs>