<?xml version="1.0" encoding="utf-8" ?>

<ThingDefs>

		<!-- Model 24 -->
	<ThingDef ParentName="BaseWeapon">
		<defName>Weapon_Model24Grenade</defName>
		<label>Model 24 Stielhandgranate</label>
		<description>The Stielhandgranate (Literally, German for "stalk hand grenade") was a German hand grenade of unique design. It was the standard issue of the German Empire during World War I.</description>
		<graphicData>
			<texPath>Grenades/Model24</texPath>
			<graphicClass>Graphic_Single</graphicClass>
		</graphicData>
		<soundInteract>InteractGrenade</soundInteract>
		<techLevel>Industrial</techLevel>
		<statBases>
			<MarketValue>300</MarketValue>
			<Mass>0.5</Mass>
			<RangedWeapon_Cooldown>2.66</RangedWeapon_Cooldown>
		</statBases>
		<weaponTags>
			<li>GrenadeDestructive</li>
		</weaponTags>
		<thingCategories>
			<li>Grenades</li>
		</thingCategories>
		<verbs>
			<li>
				<label>throw model 24 grenade</label>
				<verbClass>Verb_LaunchProjectile</verbClass>
				<hasStandardCommand>true</hasStandardCommand>
				<range>13</range>
				<forcedMissRadius>1.0</forcedMissRadius>
				<warmupTime>1.5</warmupTime>
				<noiseRadius>4</noiseRadius>
				<ai_IsBuildingDestroyer>true</ai_IsBuildingDestroyer>
				<soundCast>ThrowGrenade</soundCast>
				<targetParams>
					<canTargetLocations>true</canTargetLocations>
				</targetParams>
				<projectileDef>Proj_24Model</projectileDef>
			</li>
		</verbs>
		<smeltProducts>
			<Steel>10</Steel>
		</smeltProducts>
	</ThingDef>

	<ThingDef ParentName="BaseGrenadeProjectile">
		<defName>Proj_24Model</defName>
		<label>Model 24 Stielhandgranate</label>
		<thingClass>Projectile_Explosive</thingClass>
		<graphicData>
			<texPath>Grenades/Model24Proj</texPath>
			<graphicClass>Graphic_Single</graphicClass>
		</graphicData>
		<projectile>
			<explosionRadius >1.9</explosionRadius >
			<damageDef>Bomb</damageDef>
			<damageAmountBase>40</damageAmountBase>
			<explosionDelay>100</explosionDelay>
		</projectile>
	</ThingDef>
	
		<!-- Model 24 AntiTank -->
	<ThingDef ParentName="BaseWeapon">
		<defName>Weapon_Model24Antitank</defName>
		<label>Model 24 AntiTank Grenade</label>
		<description>The Stielhandgranate (Literally, German for "stalk hand grenade") was a German hand grenade of unique design. It was the standard issue of the German Empire during World War I.</description>
		<graphicData>
			<texPath>Grenades/Antitank</texPath>
			<graphicClass>Graphic_Single</graphicClass>
		</graphicData>
		<soundInteract>InteractGrenade</soundInteract>
		<techLevel>Industrial</techLevel>
		<statBases>
			<MarketValue>300</MarketValue>
			<Mass>2.0</Mass>
			<RangedWeapon_Cooldown>2.66</RangedWeapon_Cooldown>
		</statBases>
		<weaponTags>
			<li>GrenadeDestructive</li>
		</weaponTags>
		<thingCategories>
			<li>Grenades</li>
		</thingCategories>
		<verbs>
			<li>
				<label>throw model 24 grenade</label>
				<verbClass>Verb_LaunchProjectile</verbClass>
				<hasStandardCommand>true</hasStandardCommand>
				<range>20</range>
				<forcedMissRadius>1.0</forcedMissRadius>
				<warmupTime>1.5</warmupTime>
				<noiseRadius>4</noiseRadius>
				<ai_IsBuildingDestroyer>true</ai_IsBuildingDestroyer>
				<soundCast>ThrowGrenade</soundCast>
				<targetParams>
					<canTargetLocations>true</canTargetLocations>
				</targetParams>
				<projectileDef>Proj_24ModelAntitank</projectileDef>
			</li>
		</verbs>
		<smeltProducts>
			<Steel>10</Steel>
		</smeltProducts>
	</ThingDef>

	<ThingDef ParentName="BaseGrenadeProjectile">
		<defName>Proj_24ModelAntitank</defName>
		<label>Model 24 Antitank Grenade</label>
		<thingClass>Projectile_Explosive</thingClass>
		<graphicData>
			<texPath>Grenades/AntitankProj</texPath>
			<graphicClass>Graphic_Single</graphicClass>
		</graphicData>
		<projectile>
			<explosionRadius >1.9</explosionRadius >
			<damageDef>Bomb</damageDef>
			<damageAmountBase>120</damageAmountBase>
			<explosionDelay>100</explosionDelay>
		</projectile>
	</ThingDef>


</ThingDefs>