<?xml version="1.0" encoding="utf-8" ?>

<ThingDefs>
	
	<!-- ========== ========== Rifles ========== ========== --> 
	
		<!-- Mannlicher -->
	<ThingDef ParentName="BaseBullet">
		<defName>Bullet_Mannlicher</defName>
		<label>M1985 Mannlicher bullet</label>
		<projectile>
			<damageDef>Bullet</damageDef>
			<damageAmountBase>18</damageAmountBase>
			<speed>63</speed>
		</projectile>
		<graphicData>
			<texPath>Things/Projectile/Bullet_big</texPath>
			<graphicClass>Graphic_Single</graphicClass>
		</graphicData>
	</ThingDef>
	
	<ThingDef ParentName="BaseHumanMakeableGun">
		<defName>Gun_M1895Mannlicher</defName>
		<label>Mannlicher M1895</label>
		<description>The Mannlicher M1895 is a bolt-action rifle that used a refined version of his revolutionary straight-pull action bolt.</description>
		<graphicData>
			<texPath>Guns/MannlicherM1895</texPath>
			<graphicClass>Graphic_Single</graphicClass>
		</graphicData>
		<soundInteract>InteractRifle</soundInteract>
		<generateCommonality>0.6</generateCommonality>
		<statBases>
			<WorkToMake>25000</WorkToMake>
			<Mass>3.2</Mass>
			<AccuracyTouch>0.75</AccuracyTouch>
			<AccuracyShort>0.96</AccuracyShort>
			<AccuracyMedium>0.96</AccuracyMedium>
			<AccuracyLong>0.90</AccuracyLong>
			<RangedWeapon_Cooldown>1.26</RangedWeapon_Cooldown>
		</statBases>
		<costList>
			<Steel>60</Steel>
			<Component>3</Component>
		</costList>
		<verbs>
			<li>
				<verbClass>Verb_Shoot</verbClass>
				<hasStandardCommand>true</hasStandardCommand>
				<projectileDef>Bullet_Mannlicher</projectileDef>
				<warmupTime>2.5</warmupTime>
				<range>32</range>
				<soundCast>ShotBoltActionRifle</soundCast>
				<soundCastTail>GunTail_Heavy</soundCastTail>
				<muzzleFlashScale>9</muzzleFlashScale>
			</li>
		</verbs>
	</ThingDef>
	
		<!-- Lebel -->
	<ThingDef ParentName="BaseBullet">
		<defName>Bullet_Lebel</defName>
		<label>M1886 Lebel bullet</label>
		<projectile>
			<damageDef>Bullet</damageDef>
			<damageAmountBase>18</damageAmountBase>
			<speed>62</speed>
		</projectile>
		<graphicData>
			<texPath>Things/Projectile/Bullet_big</texPath>
			<graphicClass>Graphic_Single</graphicClass>
		</graphicData>
	</ThingDef>
	
	<ThingDef ParentName="BaseHumanMakeableGun">
		<defName>Gun_M1886Lebel</defName>
		<label>Lebel M1886</label>
		<description>The Lebel Model 1886 rifle is an 8 mm bolt action infantry rifle that entered service in the French Army in 1887. It is a repeating rifle that can hold eight rounds in its forestock tube magazine, one round in the transporter plus one round in the chamber.</description>
		<graphicData>
			<texPath>Guns/Lebel</texPath>
			<graphicClass>Graphic_Single</graphicClass>
		</graphicData>
		<soundInteract>InteractRifle</soundInteract>
		<generateCommonality>1.5</generateCommonality>
		<statBases>
			<WorkToMake>25000</WorkToMake>
			<Mass>3.8</Mass>
			<AccuracyTouch>0.75</AccuracyTouch>
			<AccuracyShort>0.96</AccuracyShort>
			<AccuracyMedium>0.96</AccuracyMedium>
			<AccuracyLong>0.90</AccuracyLong>
			<RangedWeapon_Cooldown>1.26</RangedWeapon_Cooldown>
		</statBases>
		<costList>
			<Steel>60</Steel>
			<Component>3</Component>
		</costList>
		<verbs>
			<li>
				<verbClass>Verb_Shoot</verbClass>
				<hasStandardCommand>true</hasStandardCommand>
				<projectileDef>Bullet_Lebel</projectileDef>
				<warmupTime>2.7</warmupTime>
				<range>32</range>
				<soundCast>ShotBoltActionRifle</soundCast>
				<soundCastTail>GunTail_Heavy</soundCastTail>
				<muzzleFlashScale>9</muzzleFlashScale>
			</li>
		</verbs>
	</ThingDef>
	
		<!-- Mondragon -->
	<ThingDef ParentName="BaseBullet">
		<defName>Bullet_Mondragon</defName>
		<label>M1908 Mondragon bullet</label>
		<projectile>
			<damageDef>Bullet</damageDef>
			<damageAmountBase>18</damageAmountBase>
			<speed>73</speed>
		</projectile>
		<graphicData>
			<texPath>Things/Projectile/Bullet_big</texPath>
			<graphicClass>Graphic_Single</graphicClass>
		</graphicData>
	</ThingDef>
	
	<ThingDef ParentName="BaseHumanMakeableGun">
		<defName>Gun_M1908Mondragon</defName>
		<label>Mondragon M1908</label>
		<description>The Mondragón rifle designs are a straight-pull bolt-action rifles</description>
		<graphicData>
			<texPath>Guns/Mondragon</texPath>
			<graphicClass>Graphic_Single</graphicClass>
		</graphicData>
		<soundInteract>InteractRifle</soundInteract>
		<generateCommonality>1.5</generateCommonality>
		<statBases>
			<WorkToMake>25000</WorkToMake>
			<Mass>3.5</Mass>
			<AccuracyTouch>0.75</AccuracyTouch>
			<AccuracyShort>0.96</AccuracyShort>
			<AccuracyMedium>0.96</AccuracyMedium>
			<AccuracyLong>0.90</AccuracyLong>
			<RangedWeapon_Cooldown>1.26</RangedWeapon_Cooldown>
		</statBases>
		<costList>
			<Steel>60</Steel>
			<Component>3</Component>
		</costList>
		<verbs>
			<li>
				<verbClass>Verb_Shoot</verbClass>
				<hasStandardCommand>true</hasStandardCommand>
				<projectileDef>Bullet_Mondragon</projectileDef>
				<warmupTime>1.5</warmupTime>
				<range>45</range>
				<soundCast>ShotBoltActionRifle</soundCast>
				<soundCastTail>GunTail_Heavy</soundCastTail>
				<muzzleFlashScale>9</muzzleFlashScale>
			</li>
		</verbs>
	</ThingDef>
	
		<!-- Ross Rifle -->
	<ThingDef ParentName="BaseBullet">
		<defName>Bullet_Ross</defName>
		<label>Ross Rifle bullet</label>
		<projectile>
			<damageDef>Bullet</damageDef>
			<damageAmountBase>18</damageAmountBase>
			<speed>90</speed>
		</projectile>
		<graphicData>
			<texPath>Things/Projectile/Bullet_big</texPath>
			<graphicClass>Graphic_Single</graphicClass>
		</graphicData>
	</ThingDef>
	
	<ThingDef ParentName="BaseHumanMakeableGun">
		<defName>Gun_RossRifle</defName>
		<label>Ross Rifle</label>
		<description>The Ross rifle was a straight-pull bolt action .303 inch-calibre rifle produced in Canada from 1903 until 1918.</description>
		<graphicData>
			<texPath>Guns/RossRifle</texPath>
			<graphicClass>Graphic_Single</graphicClass>
		</graphicData>
		<soundInteract>InteractRifle</soundInteract>
		<generateCommonality>1.5</generateCommonality>
		<statBases>
			<WorkToMake>25000</WorkToMake>
			<Mass>3.4</Mass>
			<AccuracyTouch>0.75</AccuracyTouch>
			<AccuracyShort>0.96</AccuracyShort>
			<AccuracyMedium>0.96</AccuracyMedium>
			<AccuracyLong>0.90</AccuracyLong>
			<RangedWeapon_Cooldown>1.26</RangedWeapon_Cooldown>
		</statBases>
		<costList>
			<Steel>60</Steel>
			<Component>3</Component>
		</costList>
		<verbs>
			<li>
				<verbClass>Verb_Shoot</verbClass>
				<hasStandardCommand>true</hasStandardCommand>
				<projectileDef>Bullet_Ross</projectileDef>
				<warmupTime>3.0</warmupTime>
				<range>45</range>
				<soundCast>ShotBoltActionRifle</soundCast>
				<soundCastTail>GunTail_Heavy</soundCastTail>
				<muzzleFlashScale>9</muzzleFlashScale>
			</li>
		</verbs>
	</ThingDef>
	
	
	
	<!-- ========== ========== Machine Gun ========== ========== -->
	
		<!-- Bullet -->
	<ThingDef ParentName="BaseBullet">
		<defName>Bullet_WW1MG</defName>
		<label>machine gun bullet</label>
		<graphicData>
			<texPath>Things/Projectile/Bullet_Small</texPath>
			<graphicClass>Graphic_Single</graphicClass>
		</graphicData>
		<projectile>
			<damageDef>Bullet</damageDef>
			<damageAmountBase>7</damageAmountBase>
			<speed>65</speed>
		</projectile>
	</ThingDef>	
	
		<!-- Browning Automatic -->
	<ThingDef ParentName="BaseHumanMakeableGun">
		<defName>Gun_BAR</defName>
		<label>Browning Automatic</label>
		<description>The Browning Automatic Rifle (BAR) is a family of United States automatic rifles (or machine rifles) and light machine guns used by the United States and numerous other countries during the 20th century.</description>
		<graphicData>
			<texPath>Guns/Bar</texPath>
			<graphicClass>Graphic_Single</graphicClass>
		</graphicData>
		<soundInteract>InteractSMG</soundInteract>
		<statBases>
			<WorkToMake>25000</WorkToMake>
			<Mass>6.0</Mass>
			<AccuracyTouch>0.73</AccuracyTouch>
			<AccuracyShort>0.62</AccuracyShort>
			<AccuracyMedium>0.43</AccuracyMedium>
			<AccuracyLong>0.15</AccuracyLong>
			<RangedWeapon_Cooldown>0.9</RangedWeapon_Cooldown>
		</statBases>
		<costList>
			<Steel>45</Steel>
			<Component>3</Component>
		</costList>
		<verbs>
			<li>
				<verbClass>Verb_Shoot</verbClass>
				<hasStandardCommand>true</hasStandardCommand>
				<projectileDef>Bullet_WW1MG</projectileDef>
				<warmupTime>0.9</warmupTime>
				<range>27</range>
				<burstShotCount>3</burstShotCount>
				<ticksBetweenBurstShots>7</ticksBetweenBurstShots>
				<soundCast>ShotMachinePistol</soundCast>
				<soundCastTail>GunTail_Light</soundCastTail>
				<muzzleFlashScale>9</muzzleFlashScale>
			</li>
		</verbs>
	</ThingDef>
	
		<!-- Madsen -->
	<ThingDef ParentName="BaseHumanMakeableGun">
		<defName>Gun_Madsen</defName>
		<label>Madsen</label>
		<description>The Madsen was a light machine gun that Julius A. Rasmussen and Theodor Schoubue designed and proposed for adoption by Colonel Vilhelm Herman Oluf Madsen, the Danish Minister of War, and that the Danish Army adopted in 1902. It was the world's first true light machine gun produced in quantity.</description>
		<graphicData>
			<texPath>Guns/Madsen</texPath>
			<graphicClass>Graphic_Single</graphicClass>
		</graphicData>
		<soundInteract>InteractSMG</soundInteract>
		<statBases>
			<WorkToMake>25000</WorkToMake>
			<Mass>7.0</Mass>
			<AccuracyTouch>0.73</AccuracyTouch>
			<AccuracyShort>0.62</AccuracyShort>
			<AccuracyMedium>0.43</AccuracyMedium>
			<AccuracyLong>0.15</AccuracyLong>
			<RangedWeapon_Cooldown>0.9</RangedWeapon_Cooldown>
		</statBases>
		<costList>
			<Steel>45</Steel>
			<Component>3</Component>
		</costList>
		<verbs>
			<li>
				<verbClass>Verb_Shoot</verbClass>
				<hasStandardCommand>true</hasStandardCommand>
				<projectileDef>Bullet_WW1MG</projectileDef>
				<warmupTime>1.2</warmupTime>
				<range>27</range>
				<burstShotCount>5</burstShotCount>
				<ticksBetweenBurstShots>7</ticksBetweenBurstShots>
				<soundCast>ShotMachinePistol</soundCast>
				<soundCastTail>GunTail_Light</soundCastTail>
				<muzzleFlashScale>9</muzzleFlashScale>
			</li>
		</verbs>
	</ThingDef>
	
		<!-- MP18 -->
	<ThingDef ParentName="BaseHumanMakeableGun">
		<defName>Gun_18MP</defName>
		<label>MP18</label>
		<description>The MP 18 manufactured by Theodor Bergmann Abteilung Waffenbau was the first submachine gun used in combat. It was introduced into service in 1918 by the German Army during World War I as the primary weapon of the Sturmtruppen, assault groups specialized in trench combat.</description>
		<graphicData>
			<texPath>Guns/MP18</texPath>
			<graphicClass>Graphic_Single</graphicClass>
		</graphicData>
		<soundInteract>InteractSMG</soundInteract>
		<statBases>
			<WorkToMake>25000</WorkToMake>
			<Mass>4.0</Mass>
			<AccuracyTouch>0.73</AccuracyTouch>
			<AccuracyShort>0.62</AccuracyShort>
			<AccuracyMedium>0.43</AccuracyMedium>
			<AccuracyLong>0.15</AccuracyLong>
			<RangedWeapon_Cooldown>0.9</RangedWeapon_Cooldown>
		</statBases>
		<costList>
			<Steel>45</Steel>
			<Component>3</Component>
		</costList>
		<verbs>
			<li>
				<verbClass>Verb_Shoot</verbClass>
				<hasStandardCommand>true</hasStandardCommand>
				<projectileDef>Bullet_WW1MG</projectileDef>
				<warmupTime>1</warmupTime>
				<range>23</range>
				<burstShotCount>4</burstShotCount>
				<ticksBetweenBurstShots>7</ticksBetweenBurstShots>
				<soundCast>ShotMachinePistol</soundCast>
				<soundCastTail>GunTail_Light</soundCastTail>
				<muzzleFlashScale>9</muzzleFlashScale>
			</li>
		</verbs>
	</ThingDef>
	
		<!-- Chauchat -->
	<ThingDef ParentName="BaseHumanMakeableGun">
		<defName>Gun_Chauchat</defName>
		<label>Chauchat</label>
		<description>The Chauchat, named after Colonel Louis Chauchat, the main contributor to its design, was the standard machine rifle or light machine gun of the French Army during World War I.</description>
		<graphicData>
			<texPath>Guns/Chauchat</texPath>
			<graphicClass>Graphic_Single</graphicClass>
		</graphicData>
		<soundInteract>InteractSMG</soundInteract>
		<statBases>
			<WorkToMake>25000</WorkToMake>
			<Mass>7.0</Mass>
			<AccuracyTouch>0.73</AccuracyTouch>
			<AccuracyShort>0.62</AccuracyShort>
			<AccuracyMedium>0.43</AccuracyMedium>
			<AccuracyLong>0.15</AccuracyLong>
			<RangedWeapon_Cooldown>0.9</RangedWeapon_Cooldown>
		</statBases>
		<costList>
			<Steel>45</Steel>
			<Component>3</Component>
		</costList>
		<verbs>
			<li>
				<verbClass>Verb_Shoot</verbClass>
				<hasStandardCommand>true</hasStandardCommand>
				<projectileDef>Bullet_WW1MG</projectileDef>
				<warmupTime>1.2</warmupTime>
				<range>27</range>
				<burstShotCount>5</burstShotCount>
				<ticksBetweenBurstShots>7</ticksBetweenBurstShots>
				<soundCast>ShotMachinePistol</soundCast>
				<soundCastTail>GunTail_Light</soundCastTail>
				<muzzleFlashScale>9</muzzleFlashScale>
			</li>
		</verbs>
	</ThingDef>
	
		<!-- Beretta -->
	<ThingDef ParentName="BaseHumanMakeableGun">
		<defName>Gun_M1918Beretta</defName>
		<label>Beretta M1918</label>
		<description>The Beretta Model 1918 was a submachine gun that entered service in 1918 with the Italian armed forces. Designed initially as a semi-automatic rifle, the weapon came with an overhead inserted magazine, an unconventional design based on the simplicity of allowing a spent round to be replaced using only gravity.</description>
		<graphicData>
			<texPath>Guns/BerettaM1918</texPath>
			<graphicClass>Graphic_Single</graphicClass>
		</graphicData>
		<soundInteract>InteractRifle</soundInteract>
		<generateCommonality>1.5</generateCommonality>
		<statBases>
			<WorkToMake>25000</WorkToMake>
			<Mass>3.5</Mass>
			<AccuracyTouch>0.75</AccuracyTouch>
			<AccuracyShort>0.96</AccuracyShort>
			<AccuracyMedium>0.96</AccuracyMedium>
			<AccuracyLong>0.90</AccuracyLong>
			<RangedWeapon_Cooldown>1.26</RangedWeapon_Cooldown>
		</statBases>
		<costList>
			<Steel>60</Steel>
			<Component>3</Component>
		</costList>
		<verbs>
			<li>
				<verbClass>Verb_Shoot</verbClass>
				<hasStandardCommand>true</hasStandardCommand>
				<projectileDef>Bullet_WW1MG</projectileDef>
				<warmupTime>1.2</warmupTime>
				<range>23</range>
				<burstShotCount>4</burstShotCount>
				<soundCast>ShotBoltActionRifle</soundCast>
				<soundCastTail>GunTail_Heavy</soundCastTail>
				<muzzleFlashScale>9</muzzleFlashScale>
			</li>
		</verbs>
	</ThingDef>
	
	
	
	<!-- ========== ========== Pistols ========== ========== -->
	
		<!-- Webley Revolver -->
	<ThingDef ParentName="BaseBullet">
		<defName>Bullet_Webley</defName>
		<label>revolver bullet</label>
		<graphicData>
			<texPath>Things/Projectile/Bullet_Small</texPath>
			<graphicClass>Graphic_Single</graphicClass>
		</graphicData>
		<projectile>
			<flyOverhead>false</flyOverhead>
			<damageDef>Bullet</damageDef>
			<DamageAmountBase>12</DamageAmountBase>
			<Speed>65</Speed>
		</projectile>
	</ThingDef>
	
	<ThingDef ParentName="BaseHumanMakeableGun">
		<defName>Gun_WebleyRevolver</defName>
		<label>Webley Revolver</label>
		<description>The Webley Revolver was a standard issue service pistol for the armed forces of the United Kingdom, and the British Empire and Commonwealth, from 1887 until 1963.</description>
		<graphicData>
			<texPath>Guns/WebleyRevolver</texPath>
			<graphicClass>Graphic_Single</graphicClass>
		</graphicData>
		<soundInteract>InteractPistol</soundInteract>
		<statBases>
			<WorkToMake>15000</WorkToMake>
			<Mass>1.5</Mass>
			<AccuracyTouch>0.91</AccuracyTouch>
			<AccuracyShort>0.71</AccuracyShort>
			<AccuracyMedium>0.50</AccuracyMedium>
			<AccuracyLong>0.32</AccuracyLong>
			<RangedWeapon_Cooldown>1.26</RangedWeapon_Cooldown>
		</statBases>
		<costList>
			<Steel>30</Steel>
			<Component>2</Component>
		</costList>
		<verbs>
			<li>
				<verbClass>Verb_Shoot</verbClass>
				<hasStandardCommand>true</hasStandardCommand>
				<projectileDef>Bullet_Webley</projectileDef>
				<warmupTime>0.5</warmupTime>
				<range>20</range>
				<soundCast>ShotPistol</soundCast>
				<soundCastTail>GunTail_Light</soundCastTail>
				<muzzleFlashScale>9</muzzleFlashScale>
			</li>
		</verbs>
	</ThingDef>
	
		<!-- Luger P08 -->	
	<ThingDef ParentName="BaseHumanMakeableGun">
		<defName>Gun_P08Luger</defName>
		<label>Luger P08</label>
		<description>The Luger P08 is a toggle-locked recoil-operated semi-automatic pistol. The design was patented by Georg J. Luger in 1898</description>
		<graphicData>
			<texPath>Guns/LugerP08</texPath>
			<graphicClass>Graphic_Single</graphicClass>
		</graphicData>
		<soundInteract>InteractPistol</soundInteract>
		<statBases>
			<WorkToMake>15000</WorkToMake>
			<Mass>1.2</Mass>
			<AccuracyTouch>0.91</AccuracyTouch>
			<AccuracyShort>0.71</AccuracyShort>
			<AccuracyMedium>0.50</AccuracyMedium>
			<AccuracyLong>0.32</AccuracyLong>
			<RangedWeapon_Cooldown>1.26</RangedWeapon_Cooldown>
		</statBases>
		<costList>
			<Steel>30</Steel>
			<Component>2</Component>
		</costList>
		<verbs>
			<li>
				<verbClass>Verb_Shoot</verbClass>
				<hasStandardCommand>true</hasStandardCommand>
				<projectileDef>Bullet_Pistol</projectileDef>
				<warmupTime>0.3</warmupTime>
				<range>24</range>
				<soundCast>ShotPistol</soundCast>
				<soundCastTail>GunTail_Light</soundCastTail>
				<muzzleFlashScale>9</muzzleFlashScale>
			</li>
		</verbs>
	</ThingDef>
	
		<!-- Mauser -->
	<ThingDef ParentName="BaseHumanMakeableGun">
		<defName>Gun_C96Mauser</defName>
		<label>Mauser C96</label>
		<description>The Mauser C96 is a semi-automatic pistol that was originally produced by German arms manufacturer Mauser from 1896 to 1937.</description>
		<graphicData>
			<texPath>Guns/MauserC96</texPath>
			<graphicClass>Graphic_Single</graphicClass>
		</graphicData>
		<soundInteract>InteractPistol</soundInteract>
		<statBases>
			<WorkToMake>15000</WorkToMake>
			<Mass>1.0</Mass>
			<AccuracyTouch>0.91</AccuracyTouch>
			<AccuracyShort>0.71</AccuracyShort>
			<AccuracyMedium>0.50</AccuracyMedium>
			<AccuracyLong>0.32</AccuracyLong>
			<RangedWeapon_Cooldown>1.26</RangedWeapon_Cooldown>
		</statBases>
		<costList>
			<Steel>30</Steel>
			<Component>2</Component>
		</costList>
		<verbs>
			<li>
				<verbClass>Verb_Shoot</verbClass>
				<hasStandardCommand>true</hasStandardCommand>
				<projectileDef>Bullet_Pistol</projectileDef>
				<warmupTime>0.3</warmupTime>
				<range>20</range>
				<soundCast>ShotPistol</soundCast>
				<soundCastTail>GunTail_Light</soundCastTail>
				<muzzleFlashScale>9</muzzleFlashScale>
			</li>
		</verbs>
	</ThingDef>
	
		<!-- Borchardt -->
	<ThingDef ParentName="BaseBullet">
		<defName>Bullet_Borchardt</defName>
		<label>Borchardt bullet</label>
		<graphicData>
			<texPath>Things/Projectile/Bullet_Small</texPath>
			<graphicClass>Graphic_Single</graphicClass>
		</graphicData>
		<projectile>
			<flyOverhead>false</flyOverhead>
			<damageDef>Bullet</damageDef>
			<DamageAmountBase>7</DamageAmountBase>
			<Speed>65</Speed>
		</projectile>
	</ThingDef>
	
	<ThingDef ParentName="BaseHumanMakeableGun">
		<defName>Gun_C93Borchardt</defName>
		<label>Borchardt C93</label>
		<description>The Borchardt C-93 pistol was designed by Hugo Borchardt in 1893. Ludwig Loewe and Company of Berlin, Germany, a manufacturer of machine tools, produced the C-93, a semi-automatic pistol that he had invented based upon the Maxim toggle-bolt design.</description>
		<graphicData>
			<texPath>Guns/BorchardtC93</texPath>
			<graphicClass>Graphic_Single</graphicClass>
		</graphicData>
		<soundInteract>InteractPistol</soundInteract>
		<statBases>
			<WorkToMake>15000</WorkToMake>
			<Mass>1.2</Mass>
			<AccuracyTouch>0.91</AccuracyTouch>
			<AccuracyShort>0.71</AccuracyShort>
			<AccuracyMedium>0.50</AccuracyMedium>
			<AccuracyLong>0.32</AccuracyLong>
			<RangedWeapon_Cooldown>1.26</RangedWeapon_Cooldown>
		</statBases>
		<costList>
			<Steel>30</Steel>
			<Component>2</Component>
		</costList>
		<verbs>
			<li>
				<verbClass>Verb_Shoot</verbClass>
				<hasStandardCommand>true</hasStandardCommand>
				<projectileDef>Bullet_Borchardt</projectileDef>
				<warmupTime>0.2</warmupTime>
				<range>20</range>
				<soundCast>ShotPistol</soundCast>
				<soundCastTail>GunTail_Light</soundCastTail>
				<muzzleFlashScale>9</muzzleFlashScale>
			</li>
		</verbs>
	</ThingDef>
	
		<!-- Type 14 -->
	<ThingDef ParentName="BaseHumanMakeableGun">
		<defName>Gun_14Type</defName>
		<label>Type 14</label>
		<description>The Type 14 pistols were a series of semi-automatic pistols produced by the Japanese company Koishikawa Arsenal later known as the Tokyo Artillery Arsenal.</description>
		<graphicData>
			<texPath>Guns/Type14</texPath>
			<graphicClass>Graphic_Single</graphicClass>
		</graphicData>
		<soundInteract>InteractPistol</soundInteract>
		<statBases>
			<WorkToMake>15000</WorkToMake>
			<Mass>1.2</Mass>
			<AccuracyTouch>0.91</AccuracyTouch>
			<AccuracyShort>0.71</AccuracyShort>
			<AccuracyMedium>0.50</AccuracyMedium>
			<AccuracyLong>0.32</AccuracyLong>
			<RangedWeapon_Cooldown>1.26</RangedWeapon_Cooldown>
		</statBases>
		<costList>
			<Steel>30</Steel>
			<Component>2</Component>
		</costList>
		<verbs>
			<li>
				<verbClass>Verb_Shoot</verbClass>
				<hasStandardCommand>true</hasStandardCommand>
				<projectileDef>Bullet_Borchardt</projectileDef>
				<warmupTime>0.4</warmupTime>
				<range>20</range>
				<soundCast>ShotPistol</soundCast>
				<soundCastTail>GunTail_Light</soundCastTail>
				<muzzleFlashScale>9</muzzleFlashScale>
			</li>
		</verbs>
	</ThingDef>
	
</ThingDefs>