<?xml version="1.0" encoding="utf-8" ?>

<ThingDefs>

	<ThingDef ParentName="BuildingBase">
		<defName>TurretLewis</defName>
		<label>Lewis Machine Gun</label>
		<thingClass>Building_TurretGun</thingClass>
		<graphicData>
			<texPath>Things/Building/Security/TurretImprovised</texPath>
			<graphicClass>Graphic_Single</graphicClass>
			<drawSize>(3,3)</drawSize>
			<damageData>
				<rect>(0.2,0.2,0.6,0.6)</rect>
			</damageData>
		</graphicData>
		<minifiedDef>MinifiedFurniture</minifiedDef>
		<altitudeLayer>Building</altitudeLayer>
		<stealable>false</stealable>
		<rotatable>true</rotatable>
		<statBases>
			<MaxHitPoints>100</MaxHitPoints>
			<Flammability>1.0</Flammability>
			<WorkToBuild>2500</WorkToBuild>
			<Mass>100</Mass>
			<Beauty>-20</Beauty>
		</statBases>
		<tickerType>Normal</tickerType>
		<comps>
			<li Class="CompProperties_Explosive">
				<explosiveRadius>3.9</explosiveRadius>
				<explosiveDamageType>Bomb</explosiveDamageType>
				<chanceNeverExplodeFromDamage>0.5</chanceNeverExplodeFromDamage>
			</li>
			<li Class="CompProperties_Forbiddable"/>
			<li Class="CompProperties_Power">
				<compClass>CompPowerTrader</compClass>
				<basePowerConsumption>350</basePowerConsumption>
			</li>
			<li Class="CompProperties_Flickable"/>
			<li Class="CompProperties_Breakdownable"/>
		</comps>
		<description>An improvised turret that automatically fires at nearby enemies. Explodes when damaged. Its hacked-together AI brain isn't very smart, and can't be directly controlled, so beware of friendly fire.</description>
		<passability>PassThroughOnly</passability>
		<pathCost>50</pathCost>
		<fillPercent>0.4</fillPercent>
		<castEdgeShadows>true</castEdgeShadows>
		<hasTooltip>true</hasTooltip>
		<stuffCategories>
			<li>Metallic</li>
		</stuffCategories>
		<costStuffCount>75</costStuffCount>
		<costList>
			<Steel>100</Steel>
			<Component>3</Component>
		</costList>
		<terrainAffordanceNeeded>Light</terrainAffordanceNeeded>
		<designationCategory>Security</designationCategory>
		<specialDisplayRadius>25.9</specialDisplayRadius>
		<building>
			<ai_combatDangerous>true</ai_combatDangerous>
			<turretGunDef>Gun_TurretImprovised</turretGunDef>
			<turretBurstCooldownTime>5.15</turretBurstCooldownTime>
			<turretTopgraphicPath>Turret/LewisGun</turretTopgraphicPath>
		</building>
		<designationHotKey>Misc2</designationHotKey>
		<researchPrerequisites>
			<li>GunTurrets</li>
		</researchPrerequisites>
	</ThingDef>
  
</ThingDefs>