<?xml version="1.0" encoding="utf-8" ?>

<ThingDefs>
	
	<!-- Rifles --> 
	
	<ThingDef ParentName="BaseHumanMakeableGun">
		<defName>Gun_M1895Mannlicher</defName>
		<label>Mannlicher M1895</label>
		<description>Mannlicher M1895 Description.</description>
		<graphicData>
			<texPath>Guns/MannlicherM1895</texPath>
			<graphicClass>Graphic_Single</graphicClass>
		</graphicData>
		<soundInteract>InteractRifle</soundInteract>
		<generateCommonality>1.5</generateCommonality>
		<statBases>
			<WorkToMake>25000</WorkToMake>
			<Mass>4.0</Mass>
			<AccuracyTouch>0.75</AccuracyTouch>
			<AccuracyShort>0.96</AccuracyShort>
			<AccuracyMedium>0.96</AccuracyMedium>
			<AccuracyLong>0.90</AccuracyLong>
			<RangedWeapon_Cooldown>1.26</RangedWeapon_Cooldown>
		</statBases>
		<costList>
			<Steel>60</Steel>
			<Component>3</Component>
		</costList>
		<verbs>
			<li>
				<verbClass>Verb_Shoot</verbClass>
				<hasStandardCommand>true</hasStandardCommand>
				<projectileDef>Bullet_BoltActionRifle</projectileDef>
				<warmupTime>1.9</warmupTime>
				<range>37</range>
				<soundCast>ShotBoltActionRifle</soundCast>
				<soundCastTail>GunTail_Heavy</soundCastTail>
				<muzzleFlashScale>9</muzzleFlashScale>
			</li>
		</verbs>
	</ThingDef>
	
	<ThingDef ParentName="BaseHumanMakeableGun">
		<defName>Gun_M1918Beretta</defName>
		<label>Beretta M1918</label>
		<description>Beretta M1918 Description.</description>
		<graphicData>
			<texPath>Guns/BerettaM1918</texPath>
			<graphicClass>Graphic_Single</graphicClass>
		</graphicData>
		<soundInteract>InteractRifle</soundInteract>
		<generateCommonality>1.5</generateCommonality>
		<statBases>
			<WorkToMake>25000</WorkToMake>
			<Mass>4.0</Mass>
			<AccuracyTouch>0.75</AccuracyTouch>
			<AccuracyShort>0.96</AccuracyShort>
			<AccuracyMedium>0.96</AccuracyMedium>
			<AccuracyLong>0.90</AccuracyLong>
			<RangedWeapon_Cooldown>1.26</RangedWeapon_Cooldown>
		</statBases>
		<costList>
			<Steel>60</Steel>
			<Component>3</Component>
		</costList>
		<verbs>
			<li>
				<verbClass>Verb_Shoot</verbClass>
				<hasStandardCommand>true</hasStandardCommand>
				<projectileDef>Bullet_BoltActionRifle</projectileDef>
				<warmupTime>1.9</warmupTime>
				<range>37</range>
				<soundCast>ShotBoltActionRifle</soundCast>
				<soundCastTail>GunTail_Heavy</soundCastTail>
				<muzzleFlashScale>9</muzzleFlashScale>
			</li>
		</verbs>
	</ThingDef>
	
	<!-- Sniper -->
	
	<ThingDef ParentName="BaseHumanMakeableGun">
		<defName>Gun_RossRifle</defName>
		<label>Ross Rifle</label>
		<description>Ross Rifle Description.</description>
		<graphicData>
			<texPath>Guns/RossRifle</texPath>
			<graphicClass>Graphic_Single</graphicClass>
		</graphicData>
		<soundInteract>InteractRifle</soundInteract>
		<generateCommonality>1.5</generateCommonality>
		<statBases>
			<WorkToMake>25000</WorkToMake>
			<Mass>4.0</Mass>
			<AccuracyTouch>0.75</AccuracyTouch>
			<AccuracyShort>0.96</AccuracyShort>
			<AccuracyMedium>0.96</AccuracyMedium>
			<AccuracyLong>0.90</AccuracyLong>
			<RangedWeapon_Cooldown>1.26</RangedWeapon_Cooldown>
		</statBases>
		<costList>
			<Steel>60</Steel>
			<Component>3</Component>
		</costList>
		<verbs>
			<li>
				<verbClass>Verb_Shoot</verbClass>
				<hasStandardCommand>true</hasStandardCommand>
				<projectileDef>Bullet_BoltActionRifle</projectileDef>
				<warmupTime>1.9</warmupTime>
				<range>37</range>
				<soundCast>ShotBoltActionRifle</soundCast>
				<soundCastTail>GunTail_Heavy</soundCastTail>
				<muzzleFlashScale>9</muzzleFlashScale>
			</li>
		</verbs>
	</ThingDef>
	
	<!-- Machine Gun -->
	
	<ThingDef ParentName="BaseHumanMakeableGun">
		<defName>Gun_BAR</defName>
		<label>Browning Automatic</label>
		<description>Browning Automatic Description.</description>
		<graphicData>
			<texPath>Guns/Bar</texPath>
			<graphicClass>Graphic_Single</graphicClass>
		</graphicData>
		<soundInteract>InteractSMG</soundInteract>
		<statBases>
			<WorkToMake>25000</WorkToMake>
			<Mass>4.2</Mass>
			<AccuracyTouch>0.73</AccuracyTouch>
			<AccuracyShort>0.62</AccuracyShort>
			<AccuracyMedium>0.43</AccuracyMedium>
			<AccuracyLong>0.15</AccuracyLong>
			<RangedWeapon_Cooldown>0.9</RangedWeapon_Cooldown>
		</statBases>
		<costList>
			<Steel>45</Steel>
			<Component>3</Component>
		</costList>
		<verbs>
			<li>
				<verbClass>Verb_Shoot</verbClass>
				<hasStandardCommand>true</hasStandardCommand>
				<projectileDef>Bullet_LMG</projectileDef>
				<warmupTime>0.5</warmupTime>
				<range>24</range>
				<burstShotCount>3</burstShotCount>
				<ticksBetweenBurstShots>7</ticksBetweenBurstShots>
				<soundCast>ShotMachinePistol</soundCast>
				<soundCastTail>GunTail_Light</soundCastTail>
				<muzzleFlashScale>9</muzzleFlashScale>
			</li>
		</verbs>
	</ThingDef>
	
	<ThingDef ParentName="BaseHumanMakeableGun">
		<defName>Gun_Madsen</defName>
		<label>Madsen</label>
		<description>Madsen Description.</description>
		<graphicData>
			<texPath>Guns/Madsen</texPath>
			<graphicClass>Graphic_Single</graphicClass>
		</graphicData>
		<soundInteract>InteractSMG</soundInteract>
		<statBases>
			<WorkToMake>25000</WorkToMake>
			<Mass>4.2</Mass>
			<AccuracyTouch>0.73</AccuracyTouch>
			<AccuracyShort>0.62</AccuracyShort>
			<AccuracyMedium>0.43</AccuracyMedium>
			<AccuracyLong>0.15</AccuracyLong>
			<RangedWeapon_Cooldown>0.9</RangedWeapon_Cooldown>
		</statBases>
		<costList>
			<Steel>45</Steel>
			<Component>3</Component>
		</costList>
		<verbs>
			<li>
				<verbClass>Verb_Shoot</verbClass>
				<hasStandardCommand>true</hasStandardCommand>
				<projectileDef>Bullet_LMG</projectileDef>
				<warmupTime>0.5</warmupTime>
				<range>24</range>
				<burstShotCount>3</burstShotCount>
				<ticksBetweenBurstShots>7</ticksBetweenBurstShots>
				<soundCast>ShotMachinePistol</soundCast>
				<soundCastTail>GunTail_Light</soundCastTail>
				<muzzleFlashScale>9</muzzleFlashScale>
			</li>
		</verbs>
	</ThingDef>
	
	<ThingDef ParentName="BaseHumanMakeableGun">
		<defName>Gun_MP18</defName>
		<label>MP18</label>
		<description>MP18 Description.</description>
		<graphicData>
			<texPath>Guns/MP18</texPath>
			<graphicClass>Graphic_Single</graphicClass>
		</graphicData>
		<soundInteract>InteractSMG</soundInteract>
		<statBases>
			<WorkToMake>25000</WorkToMake>
			<Mass>4.2</Mass>
			<AccuracyTouch>0.73</AccuracyTouch>
			<AccuracyShort>0.62</AccuracyShort>
			<AccuracyMedium>0.43</AccuracyMedium>
			<AccuracyLong>0.15</AccuracyLong>
			<RangedWeapon_Cooldown>0.9</RangedWeapon_Cooldown>
		</statBases>
		<costList>
			<Steel>45</Steel>
			<Component>3</Component>
		</costList>
		<verbs>
			<li>
				<verbClass>Verb_Shoot</verbClass>
				<hasStandardCommand>true</hasStandardCommand>
				<projectileDef>Bullet_LMG</projectileDef>
				<warmupTime>0.5</warmupTime>
				<range>24</range>
				<burstShotCount>3</burstShotCount>
				<ticksBetweenBurstShots>7</ticksBetweenBurstShots>
				<soundCast>ShotMachinePistol</soundCast>
				<soundCastTail>GunTail_Light</soundCastTail>
				<muzzleFlashScale>9</muzzleFlashScale>
			</li>
		</verbs>
	</ThingDef>
	
	<ThingDef ParentName="BaseHumanMakeableGun">
		<defName>Gun_Chauchat</defName>
		<label>Chauchat</label>
		<description>Chauchat Description.</description>
		<graphicData>
			<texPath>Guns/Chauchat</texPath>
			<graphicClass>Graphic_Single</graphicClass>
		</graphicData>
		<soundInteract>InteractSMG</soundInteract>
		<statBases>
			<WorkToMake>25000</WorkToMake>
			<Mass>4.2</Mass>
			<AccuracyTouch>0.73</AccuracyTouch>
			<AccuracyShort>0.62</AccuracyShort>
			<AccuracyMedium>0.43</AccuracyMedium>
			<AccuracyLong>0.15</AccuracyLong>
			<RangedWeapon_Cooldown>0.9</RangedWeapon_Cooldown>
		</statBases>
		<costList>
			<Steel>45</Steel>
			<Component>3</Component>
		</costList>
		<verbs>
			<li>
				<verbClass>Verb_Shoot</verbClass>
				<hasStandardCommand>true</hasStandardCommand>
				<projectileDef>Bullet_LMG</projectileDef>
				<warmupTime>0.5</warmupTime>
				<range>24</range>
				<burstShotCount>3</burstShotCount>
				<ticksBetweenBurstShots>7</ticksBetweenBurstShots>
				<soundCast>ShotMachinePistol</soundCast>
				<soundCastTail>GunTail_Light</soundCastTail>
				<muzzleFlashScale>9</muzzleFlashScale>
			</li>
		</verbs>
	</ThingDef>
	
	<!-- Pistols -->
	
	<ThingDef ParentName="BaseBullet">
		<defName>Bullet_Pistol</defName>
		<label>pistol bullet</label>
		<graphicData>
			<texPath>Things/Projectile/Bullet_Small</texPath>
			<graphicClass>Graphic_Single</graphicClass>
		</graphicData>
		<projectile>
			<flyOverhead>false</flyOverhead>
			<damageDef>Bullet</damageDef>
			<DamageAmountBase>9</DamageAmountBase>
			<Speed>55</Speed>
		</projectile>
	</ThingDef>
	
	<ThingDef ParentName="BaseHumanMakeableGun">
		<defName>Gun_WebleyRevolver</defName>
		<label>Webley Revolver</label>
		<description>Webley Revolver Description.</description>
		<graphicData>
			<texPath>Guns/WebleyRevolver</texPath>
			<graphicClass>Graphic_Single</graphicClass>
		</graphicData>
		<soundInteract>InteractPistol</soundInteract>
		<statBases>
			<WorkToMake>15000</WorkToMake>
			<Mass>1.2</Mass>
			<AccuracyTouch>0.91</AccuracyTouch>
			<AccuracyShort>0.71</AccuracyShort>
			<AccuracyMedium>0.50</AccuracyMedium>
			<AccuracyLong>0.32</AccuracyLong>
			<RangedWeapon_Cooldown>1.26</RangedWeapon_Cooldown>
		</statBases>
		<costList>
			<Steel>30</Steel>
			<Component>2</Component>
		</costList>
		<verbs>
			<li>
				<verbClass>Verb_Shoot</verbClass>
				<hasStandardCommand>true</hasStandardCommand>
				<projectileDef>Bullet_Pistol</projectileDef>
				<warmupTime>0.3</warmupTime>
				<range>24</range>
				<soundCast>ShotPistol</soundCast>
				<soundCastTail>GunTail_Light</soundCastTail>
				<muzzleFlashScale>9</muzzleFlashScale>
			</li>
		</verbs>
	</ThingDef>
	
	<ThingDef ParentName="BaseHumanMakeableGun">
		<defName>Gun_Luger P08</defName>
		<label>Luger P08</label>
		<description>The Luger P08 is a toggle-locked recoil-operated semi-automatic pistol. The design was patented by Georg J. Luger in 1898</description>
		<graphicData>
			<texPath>Guns/LugerP08</texPath>
			<graphicClass>Graphic_Single</graphicClass>
		</graphicData>
		<soundInteract>InteractPistol</soundInteract>
		<statBases>
			<WorkToMake>15000</WorkToMake>
			<Mass>1.2</Mass>
			<AccuracyTouch>0.91</AccuracyTouch>
			<AccuracyShort>0.71</AccuracyShort>
			<AccuracyMedium>0.50</AccuracyMedium>
			<AccuracyLong>0.32</AccuracyLong>
			<RangedWeapon_Cooldown>1.26</RangedWeapon_Cooldown>
		</statBases>
		<costList>
			<Steel>30</Steel>
			<Component>2</Component>
		</costList>
		<verbs>
			<li>
				<verbClass>Verb_Shoot</verbClass>
				<hasStandardCommand>true</hasStandardCommand>
				<projectileDef>Bullet_Pistol</projectileDef>
				<warmupTime>0.3</warmupTime>
				<range>24</range>
				<soundCast>ShotPistol</soundCast>
				<soundCastTail>GunTail_Light</soundCastTail>
				<muzzleFlashScale>9</muzzleFlashScale>
			</li>
		</verbs>
	</ThingDef>
	
	<ThingDef ParentName="BaseHumanMakeableGun">
		<defName>Gun_C96Mauser</defName>
		<label>Mauser C96</label>
		<description>The Mauser C96 is a semi-automatic pistol that was originally produced by German arms manufacturer Mauser from 1896 to 1937.</description>
		<graphicData>
			<texPath>Guns/MauserC96</texPath>
			<graphicClass>Graphic_Single</graphicClass>
		</graphicData>
		<soundInteract>InteractPistol</soundInteract>
		<statBases>
			<WorkToMake>15000</WorkToMake>
			<Mass>1.2</Mass>
			<AccuracyTouch>0.91</AccuracyTouch>
			<AccuracyShort>0.71</AccuracyShort>
			<AccuracyMedium>0.50</AccuracyMedium>
			<AccuracyLong>0.32</AccuracyLong>
			<RangedWeapon_Cooldown>1.26</RangedWeapon_Cooldown>
		</statBases>
		<costList>
			<Steel>30</Steel>
			<Component>2</Component>
		</costList>
		<verbs>
			<li>
				<verbClass>Verb_Shoot</verbClass>
				<hasStandardCommand>true</hasStandardCommand>
				<projectileDef>Bullet_Pistol</projectileDef>
				<warmupTime>0.1</warmupTime>
				<range>24</range>
				<soundCast>ShotPistol</soundCast>
				<soundCastTail>GunTail_Light</soundCastTail>
				<muzzleFlashScale>9</muzzleFlashScale>
			</li>
		</verbs>
	</ThingDef>
	
	<ThingDef ParentName="BaseHumanMakeableGun">
		<defName>Gun_C93Borchardt</defName>
		<label>Borchardt C93</label>
		<description>Borchardt C93 Description.</description>
		<graphicData>
			<texPath>Guns/BorchardtC93</texPath>
			<graphicClass>Graphic_Single</graphicClass>
		</graphicData>
		<soundInteract>InteractPistol</soundInteract>
		<statBases>
			<WorkToMake>15000</WorkToMake>
			<Mass>1.2</Mass>
			<AccuracyTouch>0.91</AccuracyTouch>
			<AccuracyShort>0.71</AccuracyShort>
			<AccuracyMedium>0.50</AccuracyMedium>
			<AccuracyLong>0.32</AccuracyLong>
			<RangedWeapon_Cooldown>1.26</RangedWeapon_Cooldown>
		</statBases>
		<costList>
			<Steel>30</Steel>
			<Component>2</Component>
		</costList>
		<verbs>
			<li>
				<verbClass>Verb_Shoot</verbClass>
				<hasStandardCommand>true</hasStandardCommand>
				<projectileDef>Bullet_Pistol</projectileDef>
				<warmupTime>0.1</warmupTime>
				<range>24</range>
				<soundCast>ShotPistol</soundCast>
				<soundCastTail>GunTail_Light</soundCastTail>
				<muzzleFlashScale>9</muzzleFlashScale>
			</li>
		</verbs>
	</ThingDef>
	
</ThingDefs>