<?xml version="1.0" encoding="utf-8" ?>

<ThingDefs>
	
	<ThingDef ParentName="BaseMeleeWeapon_Sharp">
		<defName>MeleeWeapon_TrenchKnife</defName>
		<label>Trench Knife</label>
		<description>Trench Knife Description.</description>
		<graphicData>
			<texPath>Melee/TrenchKnife</texPath>
			<graphicClass>Graphic_Single</graphicClass>
		</graphicData>
		<costStuffCount>40</costStuffCount>
		<statBases>
			<WorkToMake>4000</WorkToMake>
			<Mass>0.5</Mass>
			<MeleeWeapon_DamageAmount>9</MeleeWeapon_DamageAmount>
			<MeleeWeapon_Cooldown>1.6</MeleeWeapon_Cooldown>
		</statBases>
		<equippedAngleOffset>-65</equippedAngleOffset>
		<stuffCategories>
			<li>Metallic</li>
		</stuffCategories>
		<verbs>
			<li>
				<verbClass>Verb_MeleeAttack</verbClass>
				<hasStandardCommand>true</hasStandardCommand>
				<meleeDamageDef>Cut</meleeDamageDef>
			</li>
		</verbs>
	</ThingDef>
	
	<ThingDef ParentName="BaseMeleeWeapon_Sharp">
		<defName>MeleeWeapon_TrenchClub</defName>
		<label>Trench Club</label>
		<description>Trench Club Description.</description>	
		<graphicData>
			<texPath>Melee/TrenchClub</texPath>
			<graphicClass>Graphic_Single</graphicClass>
		</graphicData>
		<costStuffCount>40</costStuffCount>
		<statBases>
			<WorkToMake>4000</WorkToMake>
			<Mass>0.5</Mass>
			<MeleeWeapon_DamageAmount>9</MeleeWeapon_DamageAmount>
			<MeleeWeapon_Cooldown>1.6</MeleeWeapon_Cooldown>
		</statBases>
		<equippedAngleOffset>-65</equippedAngleOffset>
		<stuffCategories>
			<li>Metallic</li>
		</stuffCategories>
		<verbs>
			<li>
				<verbClass>Verb_MeleeAttack</verbClass>
				<hasStandardCommand>true</hasStandardCommand>
				<meleeDamageDef>Cut</meleeDamageDef>
			</li>
		</verbs>
	</ThingDef>
	
	<ThingDef ParentName="BaseMeleeWeapon_Sharp">
		<defName>MeleeWeapon_TrenchShovel</defName>
		<label>Trench Shovel</label>
		<description>Trench Shovel Description.</description>	
		<graphicData>
			<texPath>Melee/TrenchShovel</texPath>
			<graphicClass>Graphic_Single</graphicClass>
		</graphicData>
		<costStuffCount>40</costStuffCount>
		<statBases>
			<WorkToMake>4000</WorkToMake>
			<Mass>0.5</Mass>
			<MeleeWeapon_DamageAmount>9</MeleeWeapon_DamageAmount>
			<MeleeWeapon_Cooldown>1.6</MeleeWeapon_Cooldown>
		</statBases>
		<equippedAngleOffset>-65</equippedAngleOffset>
		<stuffCategories>
			<li>Metallic</li>
		</stuffCategories>
		<verbs>
			<li>
				<verbClass>Verb_MeleeAttack</verbClass>
				<hasStandardCommand>true</hasStandardCommand>
				<meleeDamageDef>Cut</meleeDamageDef>
			</li>
		</verbs>
	</ThingDef>
	
	<ThingDef ParentName="BaseMeleeWeapon_Sharp">
		<defName>MeleeWeapon_IceAxe</defName>
		<label>Ice Axe</label>
		<description>Ice Axe Description.</description>	
		<graphicData>
			<texPath>Melee/Iceaxe</texPath>
			<graphicClass>Graphic_Single</graphicClass>
		</graphicData>
		<costStuffCount>40</costStuffCount>
		<statBases>
			<WorkToMake>4000</WorkToMake>
			<Mass>0.5</Mass>
			<MeleeWeapon_DamageAmount>9</MeleeWeapon_DamageAmount>
			<MeleeWeapon_Cooldown>1.6</MeleeWeapon_Cooldown>
		</statBases>
		<equippedAngleOffset>-65</equippedAngleOffset>
		<stuffCategories>
			<li>Metallic</li>
		</stuffCategories>
		<verbs>
			<li>
				<verbClass>Verb_MeleeAttack</verbClass>
				<hasStandardCommand>true</hasStandardCommand>
				<meleeDamageDef>Cut</meleeDamageDef>
			</li>
		</verbs>
	</ThingDef>
	
</ThingDefs>