<?xml version="1.0" encoding="utf-8" ?>

<ThingDefs>
	
	<ThingDef ParentName="BaseMeleeWeapon_Sharp">
		<defName>MeleeWeapon_TrenchKnife</defName>
		<label>Trench Knife</label>
		<description>The Mark I trench knife is an American trench knife designed by officers of the American Expeditionary Force (AEF) for use in World War I. It has a 6.75 in (17.1 cm) double edged dagger blade useful for both thrusting and slashing strokes, unlike previous U.S. trench knives such as the M1917 and M1918.</description>
		<graphicData>
			<texPath>Melee/TrenchKnife</texPath>
			<graphicClass>Graphic_Single</graphicClass>
		</graphicData>
		<costStuffCount>40</costStuffCount>
		<statBases>
			<WorkToMake>4000</WorkToMake>
			<Mass>0.5</Mass>
			<MeleeWeapon_DamageAmount>9</MeleeWeapon_DamageAmount>
			<MeleeWeapon_Cooldown>1.6</MeleeWeapon_Cooldown>
		</statBases>
		<equippedAngleOffset>-65</equippedAngleOffset>
		<stuffCategories>
			<li>Metallic</li>
		</stuffCategories>
		<verbs>
			<li>
				<verbClass>Verb_MeleeAttack</verbClass>
				<hasStandardCommand>true</hasStandardCommand>
				<meleeDamageDef>Cut</meleeDamageDef>
			</li>
		</verbs>
	</ThingDef>
	
</ThingDefs>