<?xml version="1.0" encoding="utf-8" ?>

<ThingDefs>
	
	<!-- Rifles -->
	
	<ThingDef ParentName="BaseBullet">
		<defName>Bullet_792mmRifle</defName>
		<label>7.92mm Rifle Bullet</label>
		<projectile>
			<damageDef>Bullet</damageDef>
			<damageAmountBase>18</damageAmountBase>
			<speed>70</speed>
		</projectile>
		<graphicData>
			<texPath>Things/Projectile/Bullet_big</texPath>
			<graphicClass>Graphic_Single</graphicClass>
		</graphicData>
	</ThingDef>
	
	<ThingDef ParentName="BaseHumanMakeableGun">
		<defName>Gun_LeeEnfield</defName>
		<label>Lee-Enfield</label>
		<description>The Lee–Enfield is a bolt-action, magazine-fed, repeating rifle that was the main firearm used by the military forces of the British Empire and Commonwealth during the first half of the 20th century.</description>
		<graphicData>
			<texPath>Guns/Lee-Enfield</texPath>
			<graphicClass>Graphic_Single</graphicClass>
		</graphicData>
		<soundInteract>InteractRifle</soundInteract>
		<generateCommonality>1.5</generateCommonality>
		<statBases>
			<WorkToMake>25000</WorkToMake>
			<Mass>4.0</Mass>
			<AccuracyTouch>0.75</AccuracyTouch>
			<AccuracyShort>0.96</AccuracyShort>
			<AccuracyMedium>0.96</AccuracyMedium>
			<AccuracyLong>0.90</AccuracyLong>
			<RangedWeapon_Cooldown>1.26</RangedWeapon_Cooldown>
		</statBases>
		<costList>
			<Steel>60</Steel>
			<Component>3</Component>
		</costList>
		<verbs>
			<li>
				<verbClass>Verb_Shoot</verbClass>
				<hasStandardCommand>true</hasStandardCommand>
				<projectileDef>Bullet_792mmRifle</projectileDef>
				<warmupTime>1.9</warmupTime>
				<range>37</range>
				<soundCast>ShotBoltActionRifle</soundCast>
				<soundCastTail>GunTail_Heavy</soundCastTail>
				<muzzleFlashScale>9</muzzleFlashScale>
			</li>
		</verbs>
	</ThingDef>
	
	<ThingDef ParentName="BaseHumanMakeableGun">
		<defName>Gun_M91MosinNagant</defName>
		<label>Mosin-Nagant M91</label>
		<description>The Mosin–Nagant is a five-shot, bolt-action, internal magazine–fed, military rifle developed by the Imperial Russian Army from 1882 to 1891, and used by the armed forces of the Russian Empire, the Soviet Union and various other nations.</description>
		<graphicData>
			<texPath>Guns/Mosin-NagantM91</texPath>
			<graphicClass>Graphic_Single</graphicClass>
		</graphicData>
		<soundInteract>InteractRifle</soundInteract>
		<generateCommonality>1.5</generateCommonality>
		<statBases>
			<WorkToMake>25000</WorkToMake>
			<Mass>4.0</Mass>
			<AccuracyTouch>0.75</AccuracyTouch>
			<AccuracyShort>0.96</AccuracyShort>
			<AccuracyMedium>0.96</AccuracyMedium>
			<AccuracyLong>0.90</AccuracyLong>
			<RangedWeapon_Cooldown>1.26</RangedWeapon_Cooldown>
		</statBases>
		<costList>
			<Steel>60</Steel>
			<Component>3</Component>
		</costList>
		<verbs>
			<li>
				<verbClass>Verb_Shoot</verbClass>
				<hasStandardCommand>true</hasStandardCommand>
				<projectileDef>Bullet_792mmRifle</projectileDef>
				<warmupTime>1.7</warmupTime>
				<range>34</range>
				<soundCast>ShotBoltActionRifle</soundCast>
				<soundCastTail>GunTail_Heavy</soundCastTail>
				<muzzleFlashScale>9</muzzleFlashScale>
			</li>
		</verbs>
	</ThingDef>
	
	
	<!-- SubMachine Guns -->
	
	<ThingDef ParentName="BaseBullet">
		<defName>Bullet_9mmBullet</defName>
		<label>machine pistol bullet</label>
		<graphicData>
			<texPath>Things/Projectile/Bullet_Small</texPath>
			<graphicClass>Graphic_Single</graphicClass>
		</graphicData>
		<projectile>
			<damageDef>Bullet</damageDef>
			<damageAmountBase>5</damageAmountBase>
			<speed>55</speed>
		</projectile>
	</ThingDef>
	
	<ThingDef ParentName="BaseHumanMakeableGun">
		<defName>Gun_MP18Gun</defName>
		<label>MP18</label>
		<description>The MP 18 was the first submachine gun used in combat. It was introduced into service in 1918 by the German Army during World War I as the primary weapon of the Sturmtruppen, assault groups specialized in trench combat.</description>
		<graphicData>
			<texPath>Guns/MP18</texPath>
			<graphicClass>Graphic_Single</graphicClass>
		</graphicData>
		<soundInteract>InteractSMG</soundInteract>
		<statBases>
			<WorkToMake>25000</WorkToMake>
			<Mass>4.2</Mass>
			<AccuracyTouch>0.73</AccuracyTouch>
			<AccuracyShort>0.62</AccuracyShort>
			<AccuracyMedium>0.43</AccuracyMedium>
			<AccuracyLong>0.15</AccuracyLong>
			<RangedWeapon_Cooldown>0.9</RangedWeapon_Cooldown>
		</statBases>
		<costList>
			<Steel>45</Steel>
			<Component>3</Component>
		</costList>
		<verbs>
			<li>
				<verbClass>Verb_Shoot</verbClass>
				<hasStandardCommand>true</hasStandardCommand>
				<projectileDef>Bullet_9mmBullet</projectileDef>
				<warmupTime>0.5</warmupTime>
				<range>24</range>
				<burstShotCount>3</burstShotCount>
				<ticksBetweenBurstShots>7</ticksBetweenBurstShots>
				<soundCast>ShotMachinePistol</soundCast>
				<soundCastTail>GunTail_Light</soundCastTail>
				<muzzleFlashScale>9</muzzleFlashScale>
			</li>
		</verbs>
	</ThingDef>
	
	
	<!-- Pistols -->
	
	<ThingDef ParentName="BaseBullet">
		<defName>Bullet_45ACP</defName>
		<label>pistol bullet</label>
		<graphicData>
			<texPath>Things/Projectile/Bullet_Small</texPath>
			<graphicClass>Graphic_Single</graphicClass>
		</graphicData>
		<projectile>
			<flyOverhead>false</flyOverhead>
			<damageDef>Bullet</damageDef>
			<DamageAmountBase>9</DamageAmountBase>
			<Speed>55</Speed>
		</projectile>
	</ThingDef>
	
	<ThingDef ParentName="BaseHumanMakeableGun">
		<defName>Gun_M1911Pistol</defName>
		<label>M1911 Pistol</label>
		<description>The M1911 is a single-action, semi-automatic, magazine-fed, recoil-operated pistol chambered for the .45 ACP cartridge.[1] It served as the standard-issue sidearm for the United States Armed Forces from 1911 to 1986.</description>
		<graphicData>
			<texPath>Guns/M1911</texPath>
			<graphicClass>Graphic_Single</graphicClass>
		</graphicData>
		<soundInteract>InteractPistol</soundInteract>
		<statBases>
			<WorkToMake>15000</WorkToMake>
			<Mass>1.2</Mass>
			<AccuracyTouch>0.91</AccuracyTouch>
			<AccuracyShort>0.71</AccuracyShort>
			<AccuracyMedium>0.50</AccuracyMedium>
			<AccuracyLong>0.32</AccuracyLong>
			<RangedWeapon_Cooldown>1.26</RangedWeapon_Cooldown>
		</statBases>
		<costList>
			<Steel>30</Steel>
			<Component>2</Component>
		</costList>
		<verbs>
			<li>
				<verbClass>Verb_Shoot</verbClass>
				<hasStandardCommand>true</hasStandardCommand>
				<projectileDef>Bullet_45ACP</projectileDef>
				<warmupTime>0.3</warmupTime>
				<range>24</range>
				<soundCast>ShotPistol</soundCast>
				<soundCastTail>GunTail_Light</soundCastTail>
				<muzzleFlashScale>9</muzzleFlashScale>
			</li>
		</verbs>
	</ThingDef>
	
</ThingDefs>