<?xml version="1.0" encoding="utf-8"?>

<ModMetaData>
	<name>WW1 Weapons Pack</name>
	<author>Cryusaki</author>
	<url>https://ludeon.com/forums/index.php?topic=35278.0</url>
	<targetVersion>0.17.1546</targetVersion>
	<description>Adds 20 weapons from World War 1 into Rimworld. \n \n
	
	List of Weapons \n \n
	
	Rifles: \n
	Mannlicher M1895 \n
	Lebel M1886 \n
	Mondragon M1908 \n
	Ross Rifle \n \n 
	
	Machine Guns: \n 
	Browning Automatic \n 
	Madsen MG \n 
	Beretta M1918 \n 
	MP18 \n 
	Chauchat \n \n 
	
	Pistols: \n 
	Webley Revolver \n 
	Luger P08 \n
	Mauser C96 \n
	Borchardt C93 \n
	Model 14 \n \n
	
	Grenades: \n
	Model 24 Stielhandgranate \n
	Model 24 Stielhandgranate \n \n
	
	Melee: \n
	Trench Knife \n
	Trench Club \n
	Trench Shovel \n
	Ice Pick \n
	</description>
	
</ModMetaData>